{
  "image": "D:\\chan\\26-2\\개별연구\\target_image.jpg",
  "detection_mode": "auto",
  "quad_detection_method": "hough",
  "quad_detection_score": -0.22710418701171875,
  "x_axis_direction_count": 6,
  "y_axis_direction_count": 12,
  "ordered_points": [
    [
      97.53361511230469,
      155.13092041015625
    ],
    [
      372.1373596191406,
      130.61273193359375
    ],
    [
      513.9111328125,
      293.8673400878906
    ],
    [
      120.63804626464844,
      377.2889099121094
    ]
  ],
  "warp_bbox": [
    0,
    0,
    1100,
    611
  ],
  "rectified_bbox": [
    0,
    0,
    1125,
    629
  ],
  "x_axis_angle_after_warp": 0.9160926306901847,
  "y_axis_angle_after_warp": 87.65706447643169,
  "x_min_distance": 56,
  "y_min_distance": 56,
  "crop_border": 18,
  "peak_percentile": 65.0,
  "perspective_matrix": [
    [
      5.408376407253221,
      -0.5624711522978724,
      -440.24183532737476
    ],
    [
      0.612426479404939,
      6.859177407845483,
      -1123.8026730624845
    ],
    [
      -0.0004925319527270967,
      0.00418957915333542,
      1.0
    ]
  ],
  "affine_matrix": [
    [
      1.0007826089859009,
      -0.04094676300883293,
      24.97752571105957
    ],
    [
      -0.01601404882967472,
      1.001491904258728,
      17.59943962097168
    ]
  ],
  "grabcut_rect": null,
  "selected_lines": {
    "top": [
      99.0,
      155.0,
      379.0,
      130.0
    ],
    "bottom": [
      155.0,
      370.0,
      386.0,
      321.0
    ],
    "left": [
      110.0,
      275.0,
      123.0,
      400.0
    ],
    "right": [
      369.0,
      127.0,
      534.0,
      317.0
    ]
  },
  "warped_shape": [
    611,
    1100
  ],
  "trimmed_warp_shape": [
    611,
    1100
  ],
  "rectified_shape": [
    629,
    1125
  ],
  "trimmed_rectified_shape": [
    629,
    1125
  ],
  "x_peak_rows": [
    23,
    150,
    277,
    398,
    522,
    609
  ],
  "y_peak_cols": [
    21,
    112,
    216,
    309,
    405,
    498,
    600,
    691,
    789,
    892,
    991,
    1101
  ]
}