{
  "image": "C:\\Users\\praisy\\Desktop\\26-2\\개별연구\\main\\target image.jpg",
  "detection_mode": "auto",
  "quad_detection_method": "hough",
  "quad_detection_score": 5.775522474112187,
  "quad_score_components": {
    "area_fraction": 0.23909849361969593,
    "edge_support_mean": 1.0,
    "edge_support_min": 1.0,
    "interior_line_score": 0.3741324970254141,
    "center_penalty": 0.024438364431262016
  },
  "x_axis_direction_count": 6,
  "y_axis_direction_count": 11,
  "ordered_points": [
    [
      119.08427429199219,
      153.2784881591797
    ],
    [
      372.9258117675781,
      131.52064514160156
    ],
    [
      513.9111328125,
      293.8673400878906
    ],
    [
      173.0372314453125,
      366.1739196777344
    ]
  ],
  "warp_bbox": [
    0,
    0,
    1100,
    693
  ],
  "rectified_bbox": [
    0,
    0,
    1111,
    728
  ],
  "x_axis_angle_after_warp": 1.812377088003676,
  "y_axis_angle_after_warp": 89.14301557317256,
  "x_min_distance": 65,
  "y_min_distance": 55,
  "crop_border": 18,
  "peak_percentile": 65.0,
  "perspective_matrix": [
    [
      5.3133184600787216,
      -1.3465260441419509,
      -426.3391965876811
    ],
    [
      0.5905238853822662,
      6.889446295774248,
      -1126.326020812972
    ],
    [
      -0.0005301295531824094,
      0.0034336899613031688,
      1.0
    ]
  ],
  "affine_matrix": [
    [
      1.0009742975234985,
      -0.014972888864576817,
      10.361239433288574
    ],
    [
      -0.0316610261797905,
      1.0005854368209839,
      34.795467376708984
    ]
  ],
  "grabcut_rect": null,
  "selected_lines": {
    "top": [
      99.0,
      155.0,
      379.0,
      131.0
    ],
    "bottom": [
      155.0,
      370.0,
      386.0,
      321.0
    ],
    "left": [
      118.0,
      149.0,
      155.0,
      295.0
    ],
    "right": [
      369.0,
      127.0,
      534.0,
      317.0
    ]
  },
  "warped_shape": [
    693,
    1100
  ],
  "trimmed_warp_shape": [
    693,
    1100
  ],
  "rectified_shape": [
    728,
    1111
  ],
  "trimmed_rectified_shape": [
    728,
    1111
  ],
  "x_peak_rows": [
    23,
    175,
    304,
    454,
    602,
    707
  ],
  "y_peak_cols": [
    13,
    119,
    222,
    326,
    427,
    540,
    641,
    750,
    863,
    973,
    1089
  ]
}