{
  "image": "D:\\chan\\26-2\\개별연구\\target_image.jpg",
  "x_axis_direction_count": 5,
  "y_axis_direction_count": 12,
  "ordered_points": [
    [
      134.0,
      145.0
    ],
    [
      424.0,
      133.0
    ],
    [
      546.0,
      340.0
    ],
    [
      45.0,
      338.0
    ]
  ],
  "warp_bbox": [
    0,
    0,
    1100,
    528
  ],
  "rectified_bbox": [
    0,
    0,
    1350,
    626
  ],
  "x_axis_angle_after_warp": 178.008691685961,
  "y_axis_angle_after_warp": 62.55216316639285,
  "x_min_distance": 56,
  "y_min_distance": 67,
  "crop_border": 18,
  "peak_percentile": 60.0,
  "perspective_matrix": [
    [
      10.082899992612854,
      4.649627457733389,
      -2025.304580381464
    ],
    [
      0.47356910182853534,
      11.44458662752295,
      -1722.9233206358515
    ],
    [
      0.0009490633731283864,
      0.009078688855952807,
      1.0
    ]
  ],
  "affine_matrix": [
    [
      -0.9828546047210693,
      0.510504961013794,
      1080.1572265625
    ],
    [
      0.03848426416516304,
      1.1068592071533203,
      -0.0
    ]
  ],
  "warped_shape": [
    528,
    1100
  ],
  "trimmed_warp_shape": [
    528,
    1100
  ],
  "rectified_shape": [
    626,
    1350
  ],
  "trimmed_rectified_shape": [
    626,
    1350
  ],
  "x_peak_rows": [
    38,
    311,
    430,
    509,
    597
  ],
  "y_peak_cols": [
    207,
    298,
    381,
    463,
    549,
    629,
    719,
    808,
    905,
    982,
    1113,
    1187
  ]
}