{
  "image": "D:\\chan\\26-2\\개별연구\\target_image.jpg",
  "x_axis_direction_count": 6,
  "y_axis_direction_count": 11,
  "ordered_points": [
    [
      145.0,
      142.0
    ],
    [
      390.0,
      135.0
    ],
    [
      550.0,
      386.0
    ],
    [
      32.0,
      373.0
    ]
  ],
  "x_axis_angle_after_warp": 175.91569102797212,
  "y_axis_angle_after_warp": 62.77999916852498,
  "x_min_distance": 69,
  "y_min_distance": 68,
  "peak_percentile": 65.0,
  "perspective_matrix": [
    [
      17.117634403370726,
      8.373561418099099,
      -3671.102709858828
    ],
    [
      0.5761347218066128,
      20.164715263231486,
      -2946.92910204083
    ],
    [
      0.0012953845177307232,
      0.01672221036467205,
      1.0
    ]
  ],
  "affine_matrix": [
    [
      -0.9670281410217285,
      0.4974117577075958,
      1062.763916015625
    ],
    [
      0.07745331525802612,
      1.0846948623657227,
      -0.0
    ]
  ],
  "x_peak_rows": [
    72,
    220,
    369,
    482,
    603,
    736
  ],
  "y_peak_cols": [
    88,
    270,
    416,
    512,
    606,
    703,
    803,
    915,
    994,
    1110,
    1189
  ]
}